{
  "version": 1,
  "author": "Nabil kouki",
  "editor": "wokwi",
  "parts": [
    { "type": "board-esp32-devkit-c-v4", "id": "esp", "top": -288, "left": 187.24, "attrs": {} },
    {
      "type": "wokwi-led",
      "id": "led1",
      "top": -464.4,
      "left": 80.6,
      "attrs": { "color": "red" }
    },
    {
      "type": "wokwi-resistor",
      "id": "r1",
      "top": -341.65,
      "left": 115.2,
      "attrs": { "value": "1000" }
    },
    { "type": "wokwi-ir-receiver", "id": "ir1", "top": -433.35, "left": 7.82, "attrs": {} },
    { "type": "wokwi-dht22", "id": "dht1", "top": -470.1, "left": 493.8, "attrs": {} }
  ],
  "connections": [
    [ "esp:TX", "$serialMonitor:RX", "", [] ],
    [ "esp:RX", "$serialMonitor:TX", "", [] ],
    [ "ir1:VCC", "esp:3V3", "red", [ "v0" ] ],
    [ "ir1:GND", "esp:GND.1", "black", [ "v0" ] ],
    [ "ir1:DAT", "esp:14", "green", [ "v0" ] ],
    [ "led1:C", "esp:GND.2", "green", [ "v19.2", "h259.6", "v144" ] ],
    [ "led1:A", "r1:1", "green", [ "v0" ] ],
    [ "r1:2", "esp:13", "green", [ "v0" ] ],
    [ "dht1:GND", "esp:GND.2", "black", [ "v105.6", "h-249.6" ] ],
    [ "dht1:VCC", "esp:3V3", "red", [ "v48", "h-316.95" ] ],
    [ "dht1:SDA", "esp:12", "green", [ "v0" ] ]
  ],
  "dependencies": {}
}